,feature,importance,fold
31,APP_EXT_SOURCE_2,281,3
31,APP_EXT_SOURCE_2,269,7
31,APP_EXT_SOURCE_2,259,9
31,APP_EXT_SOURCE_2,257,8
32,APP_EXT_SOURCE_3,256,9
31,APP_EXT_SOURCE_2,245,6
31,APP_EXT_SOURCE_2,239,5
31,APP_EXT_SOURCE_2,237,4
31,APP_EXT_SOURCE_2,235,1
32,APP_EXT_SOURCE_3,233,7
32,APP_EXT_SOURCE_3,229,6
31,APP_EXT_SOURCE_2,228,2
32,APP_EXT_SOURCE_3,225,8
31,APP_EXT_SOURCE_2,224,10
32,APP_EXT_SOURCE_3,216,3
32,APP_EXT_SOURCE_3,214,5
30,APP_EXT_SOURCE_1,210,9
32,APP_EXT_SOURCE_3,205,4
32,APP_EXT_SOURCE_3,193,2
32,APP_EXT_SOURCE_3,184,10
30,APP_EXT_SOURCE_1,184,7
32,APP_EXT_SOURCE_3,183,1
30,APP_EXT_SOURCE_1,152,1
30,APP_EXT_SOURCE_1,151,8
30,APP_EXT_SOURCE_1,151,3
10,APP_DAYS_EMPLOYED,149,3
30,APP_EXT_SOURCE_1,148,5
6,APP_AMT_ANNUITY,145,7
30,APP_EXT_SOURCE_1,142,6
10,APP_DAYS_EMPLOYED,138,9
10,APP_DAYS_EMPLOYED,132,8
13,APP_OWN_CAR_AGE,131,9
257,APP_NEW_PAYMENT_RATE,130,3
257,APP_NEW_PAYMENT_RATE,128,5
12,APP_DAYS_ID_PUBLISH,125,9
12,APP_DAYS_ID_PUBLISH,122,7
10,APP_DAYS_EMPLOYED,121,1
521,PREV_INS_NEW_DAYS_PAID_EARLIER_MEAN_MEAN,120,9
30,APP_EXT_SOURCE_1,120,2
6,APP_AMT_ANNUITY,118,9
521,PREV_INS_NEW_DAYS_PAID_EARLIER_MEAN_MEAN,115,8
10,APP_DAYS_EMPLOYED,113,5
724,BB_NEW_MONTHS_CREDIT_MEAN,112,9
30,APP_EXT_SOURCE_1,110,10
257,APP_NEW_PAYMENT_RATE,107,8
9,APP_DAYS_BIRTH,107,8
253,APP_NEW_DAYS_EMPLOYED_PERC,107,9
257,APP_NEW_PAYMENT_RATE,107,9
12,APP_DAYS_ID_PUBLISH,106,8
521,PREV_INS_NEW_DAYS_PAID_EARLIER_MEAN_MEAN,105,7
10,APP_DAYS_EMPLOYED,105,4
10,APP_DAYS_EMPLOYED,105,7
13,APP_OWN_CAR_AGE,103,5
6,APP_AMT_ANNUITY,101,8
13,APP_OWN_CAR_AGE,101,3
9,APP_DAYS_BIRTH,101,9
30,APP_EXT_SOURCE_1,100,4
13,APP_OWN_CAR_AGE,100,8
9,APP_DAYS_BIRTH,100,7
521,PREV_INS_NEW_DAYS_PAID_EARLIER_MEAN_MEAN,99,5
6,APP_AMT_ANNUITY,98,3
730,BB_NEW_ACTIVE_DAYS_CREDIT_MAX,97,9
6,APP_AMT_ANNUITY,96,5
257,APP_NEW_PAYMENT_RATE,96,7
11,APP_DAYS_REGISTRATION,95,7
724,BB_NEW_MONTHS_CREDIT_MEAN,94,7
10,APP_DAYS_EMPLOYED,94,6
13,APP_OWN_CAR_AGE,93,7
735,BB_NEW_ACTIVE_DAYS_CREDIT_ENDDATE_MEAN,93,7
80,APP_DAYS_LAST_PHONE_CHANGE,92,5
6,APP_AMT_ANNUITY,92,6
12,APP_DAYS_ID_PUBLISH,91,3
10,APP_DAYS_EMPLOYED,91,2
7,APP_AMT_GOODS_PRICE,91,9
253,APP_NEW_DAYS_EMPLOYED_PERC,90,3
253,APP_NEW_DAYS_EMPLOYED_PERC,90,7
11,APP_DAYS_REGISTRATION,90,9
254,APP_NEW_INCOME_CREDIT_PERC,88,7
11,APP_DAYS_REGISTRATION,87,8
541,PREV_POS_MONTHS_BALANCE_MAX_MEAN,86,7
730,BB_NEW_ACTIVE_DAYS_CREDIT_MAX,85,8
80,APP_DAYS_LAST_PHONE_CHANGE,85,9
7,APP_AMT_GOODS_PRICE,85,7
5,APP_AMT_CREDIT,85,9
730,BB_NEW_ACTIVE_DAYS_CREDIT_MAX,84,3
254,APP_NEW_INCOME_CREDIT_PERC,83,9
12,APP_DAYS_ID_PUBLISH,83,5
80,APP_DAYS_LAST_PHONE_CHANGE,83,7
278,PREV_NEW_LOAN_RATE_MAX,82,9
257,APP_NEW_PAYMENT_RATE,81,1
522,PREV_INS_NEW_DAYS_PAID_EARLIER_MEAN_MIN,81,7
757,BB_NEW_CLOSED_DAYS_CREDIT_ENDDATE_MAX,81,9
257,APP_NEW_PAYMENT_RATE,80,6
734,BB_NEW_ACTIVE_DAYS_CREDIT_ENDDATE_MAX,80,7
80,APP_DAYS_LAST_PHONE_CHANGE,80,6
676,BB_DAYS_CREDIT_MAX,79,9
7,APP_AMT_GOODS_PRICE,79,8
734,BB_NEW_ACTIVE_DAYS_CREDIT_ENDDATE_MAX,79,9
13,APP_OWN_CAR_AGE,79,6
508,PREV_INS_AMT_PAYMENT_MIN_SUM,79,7
80,APP_DAYS_LAST_PHONE_CHANGE,78,3
730,BB_NEW_ACTIVE_DAYS_CREDIT_MAX,77,7
12,APP_DAYS_ID_PUBLISH,76,6
733,BB_NEW_ACTIVE_DAYS_CREDIT_ENDDATE_MIN,76,7
730,BB_NEW_ACTIVE_DAYS_CREDIT_MAX,76,5
724,BB_NEW_MONTHS_CREDIT_MEAN,76,3
522,PREV_INS_NEW_DAYS_PAID_EARLIER_MEAN_MIN,75,9
9,APP_DAYS_BIRTH,75,3
276,PREV_NEW_LOAN_RATE_MEAN,75,9
743,BB_NEW_ACTIVE_AMT_CREDIT_SUM_DEBT_MAX,74,9
253,APP_NEW_DAYS_EMPLOYED_PERC,74,5
524,PREV_INS_NEW_DAYS_PAID_EARLIER_MEAN_SUM,73,9
7,APP_AMT_GOODS_PRICE,73,3
521,PREV_INS_NEW_DAYS_PAID_EARLIER_MEAN_MEAN,73,3
10,APP_DAYS_EMPLOYED,73,10
735,BB_NEW_ACTIVE_DAYS_CREDIT_ENDDATE_MEAN,72,9
733,BB_NEW_ACTIVE_DAYS_CREDIT_ENDDATE_MIN,72,9
524,PREV_INS_NEW_DAYS_PAID_EARLIER_MEAN_SUM,71,5
682,BB_DAYS_ENDDATE_FACT_MAX,71,9
734,BB_NEW_ACTIVE_DAYS_CREDIT_ENDDATE_MAX,71,3
6,APP_AMT_ANNUITY,71,2
80,APP_DAYS_LAST_PHONE_CHANGE,69,8
254,APP_NEW_INCOME_CREDIT_PERC,69,8
676,BB_DAYS_CREDIT_MAX,69,5
734,BB_NEW_ACTIVE_DAYS_CREDIT_ENDDATE_MAX,69,8
734,BB_NEW_ACTIVE_DAYS_CREDIT_ENDDATE_MAX,68,6
23,APP_HOUR_APPR_PROCESS_START,68,7
736,BB_NEW_ACTIVE_DAYS_CREDIT_UPDATE_MEAN,67,9
524,PREV_INS_NEW_DAYS_PAID_EARLIER_MEAN_SUM,67,7
522,PREV_INS_NEW_DAYS_PAID_EARLIER_MEAN_MIN,67,3
602,CCB_AMT_DRAWINGS_ATM_CURRENT_MEAN,67,9
724,BB_NEW_MONTHS_CREDIT_MEAN,67,5
8,APP_REGION_POPULATION_RELATIVE,67,9
9,APP_DAYS_BIRTH,66,2
522,PREV_INS_NEW_DAYS_PAID_EARLIER_MEAN_MIN,66,5
521,PREV_INS_NEW_DAYS_PAID_EARLIER_MEAN_MEAN,66,6
490,PREV_INS_AMT_INSTALMENT_MIN_MIN,66,9
23,APP_HOUR_APPR_PROCESS_START,65,3
253,APP_NEW_DAYS_EMPLOYED_PERC,65,6
278,PREV_NEW_LOAN_RATE_MAX,65,8
508,PREV_INS_AMT_PAYMENT_MIN_SUM,65,3
386,PREV_NAME_TYPE_SUITE_alone_MEAN,65,9
730,BB_NEW_ACTIVE_DAYS_CREDIT_MAX,65,1
733,BB_NEW_ACTIVE_DAYS_CREDIT_ENDDATE_MIN,65,3
693,BB_AMT_CREDIT_SUM_MIN,65,9
80,APP_DAYS_LAST_PHONE_CHANGE,64,1
602,CCB_AMT_DRAWINGS_ATM_CURRENT_MEAN,64,3
691,BB_AMT_CREDIT_SUM_MEAN,64,9
508,PREV_INS_AMT_PAYMENT_MIN_SUM,64,9
257,APP_NEW_PAYMENT_RATE,64,10
730,BB_NEW_ACTIVE_DAYS_CREDIT_MAX,64,4
602,CCB_AMT_DRAWINGS_ATM_CURRENT_MEAN,64,7
13,APP_OWN_CAR_AGE,64,1
11,APP_DAYS_REGISTRATION,64,3
764,BB_NEW_CLOSED_AMT_CREDIT_SUM_MEAN,63,8
703,BB_DAYS_CREDIT_UPDATE_MAX,63,9
522,PREV_INS_NEW_DAYS_PAID_EARLIER_MEAN_MIN,63,8
537,PREV_POS_MONTHS_BALANCE_MIN_MEAN,63,9
23,APP_HOUR_APPR_PROCESS_START,63,9
9,APP_DAYS_BIRTH,63,6
7,APP_AMT_GOODS_PRICE,63,6
676,BB_DAYS_CREDIT_MAX,63,7
506,PREV_INS_AMT_PAYMENT_MIN_MIN,63,7
9,APP_DAYS_BIRTH,62,5
537,PREV_POS_MONTHS_BALANCE_MIN_MEAN,62,5
13,APP_OWN_CAR_AGE,62,2
6,APP_AMT_ANNUITY,62,1
12,APP_DAYS_ID_PUBLISH,62,1
680,BB_DAYS_CREDIT_ENDDATE_MAX,62,9
523,PREV_INS_NEW_DAYS_PAID_EARLIER_MEAN_MAX,61,5
253,APP_NEW_DAYS_EMPLOYED_PERC,61,10
505,PREV_INS_AMT_PAYMENT_MIN_MEAN,61,9
80,APP_DAYS_LAST_PHONE_CHANGE,61,2
5,APP_AMT_CREDIT,61,7
676,BB_DAYS_CREDIT_MAX,61,8
11,APP_DAYS_REGISTRATION,61,5
6,APP_AMT_ANNUITY,61,4
506,PREV_INS_AMT_PAYMENT_MIN_MIN,60,9
498,PREV_INS_AMT_INSTALMENT_SUM_MIN,60,9
734,BB_NEW_ACTIVE_DAYS_CREDIT_ENDDATE_MAX,60,5
676,BB_DAYS_CREDIT_MAX,60,2
7,APP_AMT_GOODS_PRICE,60,4
730,BB_NEW_ACTIVE_DAYS_CREDIT_MAX,60,10
693,BB_AMT_CREDIT_SUM_MIN,59,5
505,PREV_INS_AMT_PAYMENT_MIN_MEAN,59,8
681,BB_DAYS_CREDIT_ENDDATE_MIN,59,7
693,BB_AMT_CREDIT_SUM_MIN,59,3
541,PREV_POS_MONTHS_BALANCE_MAX_MEAN,59,8
739,BB_NEW_ACTIVE_AMT_CREDIT_MAX_OVERDUE_MEAN,59,9
256,APP_NEW_ANNUITY_INCOME_PERC,59,9
709,BB_STATUS_0_MEAN_MEAN,59,7
758,BB_NEW_CLOSED_DAYS_CREDIT_ENDDATE_MEAN,59,3
276,PREV_NEW_LOAN_RATE_MEAN,59,5
0,APP_CODE_GENDER,58,9
521,PREV_INS_NEW_DAYS_PAID_EARLIER_MEAN_MEAN,58,2
80,APP_DAYS_LAST_PHONE_CHANGE,58,4
753,BB_NEW_CLOSED_DAYS_CREDIT_MAX,58,9
764,BB_NEW_CLOSED_AMT_CREDIT_SUM_MEAN,58,9
724,BB_NEW_MONTHS_CREDIT_MEAN,58,8
541,PREV_POS_MONTHS_BALANCE_MAX_MEAN,58,5
602,CCB_AMT_DRAWINGS_ATM_CURRENT_MEAN,58,5
505,PREV_INS_AMT_PAYMENT_MIN_MEAN,56,3
602,CCB_AMT_DRAWINGS_ATM_CURRENT_MEAN,56,8
692,BB_AMT_CREDIT_SUM_MAX,56,7
269,PREV_RATE_DOWN_PAYMENT_MEAN,56,9
262,PREV_AMT_APPLICATION_MAX,56,9
523,PREV_INS_NEW_DAYS_PAID_EARLIER_MEAN_MAX,56,7
529,PREV_INS_NEW_PAYMENT_PERC_MEAN,56,7
709,BB_STATUS_0_MEAN_MEAN,56,9
360,PREV_NAME_PAYMENT_TYPE_Cashthroughthebank_MEAN,56,9
683,BB_DAYS_ENDDATE_FACT_MIN,56,9
743,BB_NEW_ACTIVE_AMT_CREDIT_SUM_DEBT_MAX,55,7
730,BB_NEW_ACTIVE_DAYS_CREDIT_MAX,55,6
676,BB_DAYS_CREDIT_MAX,55,6
490,PREV_INS_AMT_INSTALMENT_MIN_MIN,55,5
474,PREV_NAME_YIELD_GROUP_middle_MEAN,55,9
278,PREV_NEW_LOAN_RATE_MAX,55,1
276,PREV_NEW_LOAN_RATE_MEAN,55,1
498,PREV_INS_AMT_INSTALMENT_SUM_MIN,55,7
755,BB_NEW_CLOSED_DAYS_CREDIT_VAR,54,9
23,APP_HOUR_APPR_PROCESS_START,54,5
524,PREV_INS_NEW_DAYS_PAID_EARLIER_MEAN_SUM,54,3
6,APP_AMT_ANNUITY,54,10
724,BB_NEW_MONTHS_CREDIT_MEAN,54,1
0,APP_CODE_GENDER,54,3
23,APP_HOUR_APPR_PROCESS_START,54,6
278,PREV_NEW_LOAN_RATE_MAX,54,4
12,APP_DAYS_ID_PUBLISH,54,2
742,BB_NEW_ACTIVE_AMT_CREDIT_SUM_SUM,54,8
0,APP_CODE_GENDER,54,8
276,PREV_NEW_LOAN_RATE_MEAN,53,8
739,BB_NEW_ACTIVE_AMT_CREDIT_MAX_OVERDUE_MEAN,53,8
494,PREV_INS_AMT_INSTALMENT_MAX_MIN,53,8
505,PREV_INS_AMT_PAYMENT_MIN_MEAN,53,5
360,PREV_NAME_PAYMENT_TYPE_Cashthroughthebank_MEAN,53,7
7,APP_AMT_GOODS_PRICE,53,5
506,PREV_INS_AMT_PAYMENT_MIN_MIN,53,3
541,PREV_POS_MONTHS_BALANCE_MAX_MEAN,53,9
490,PREV_INS_AMT_INSTALMENT_MIN_MIN,53,7
675,BB_DAYS_CREDIT_MIN,53,9
13,APP_OWN_CAR_AGE,53,4
253,APP_NEW_DAYS_EMPLOYED_PERC,53,2
759,BB_NEW_CLOSED_DAYS_CREDIT_UPDATE_MEAN,52,9
681,BB_DAYS_CREDIT_ENDDATE_MIN,52,3
253,APP_NEW_DAYS_EMPLOYED_PERC,52,1
682,BB_DAYS_ENDDATE_FACT_MAX,52,3
278,PREV_NEW_LOAN_RATE_MAX,52,5
513,PREV_INS_AMT_PAYMENT_SUM_MEAN,52,3
278,PREV_NEW_LOAN_RATE_MAX,52,7
253,APP_NEW_DAYS_EMPLOYED_PERC,52,8
755,BB_NEW_CLOSED_DAYS_CREDIT_VAR,52,7
485,PREV_INS_NUM_INSTALMENT_NUMBER_MAX_MEAN,51,7
521,PREV_INS_NEW_DAYS_PAID_EARLIER_MEAN_MEAN,51,1
506,PREV_INS_AMT_PAYMENT_MIN_MIN,51,8
740,BB_NEW_ACTIVE_AMT_CREDIT_SUM_MAX,51,9
682,BB_DAYS_ENDDATE_FACT_MAX,50,7
9,APP_DAYS_BIRTH,50,1
8,APP_REGION_POPULATION_RELATIVE,50,5
269,PREV_RATE_DOWN_PAYMENT_MEAN,50,7
709,BB_STATUS_0_MEAN_MEAN,50,3
676,BB_DAYS_CREDIT_MAX,50,3
522,PREV_INS_NEW_DAYS_PAID_EARLIER_MEAN_MIN,50,10
254,APP_NEW_INCOME_CREDIT_PERC,50,3
555,PREV_POS_CNT_INSTALMENT_FUTURE_MIN_MAX,50,9
356,PREV_NAME_CONTRACT_STATUS_Refused_MEAN,50,1
276,PREV_NEW_LOAN_RATE_MEAN,50,3
602,CCB_AMT_DRAWINGS_ATM_CURRENT_MEAN,50,6
523,PREV_INS_NEW_DAYS_PAID_EARLIER_MEAN_MAX,50,9
257,APP_NEW_PAYMENT_RATE,49,2
39,APP_ENTRANCES_AVG,49,5
522,PREV_INS_NEW_DAYS_PAID_EARLIER_MEAN_MIN,49,2
740,BB_NEW_ACTIVE_AMT_CREDIT_SUM_MAX,49,5
682,BB_DAYS_ENDDATE_FACT_MAX,49,5
731,BB_NEW_ACTIVE_DAYS_CREDIT_MEAN,49,9
685,BB_AMT_CREDIT_MAX_OVERDUE_MAX,49,9
558,PREV_POS_CNT_INSTALMENT_FUTURE_MAX_MIN,49,7
522,PREV_INS_NEW_DAYS_PAID_EARLIER_MEAN_MIN,49,6
525,PREV_INS_NEW_NUM_PAID_LATER_SUM_MEAN,49,7
80,APP_DAYS_LAST_PHONE_CHANGE,49,10
489,PREV_INS_AMT_INSTALMENT_MIN_MEAN,48,9
681,BB_DAYS_CREDIT_ENDDATE_MIN,48,9
742,BB_NEW_ACTIVE_AMT_CREDIT_SUM_SUM,48,3
522,PREV_INS_NEW_DAYS_PAID_EARLIER_MEAN_MIN,48,4
523,PREV_INS_NEW_DAYS_PAID_EARLIER_MEAN_MAX,48,3
617,CCB_AMT_INST_MIN_REGULARITY_SUM,48,8
8,APP_REGION_POPULATION_RELATIVE,48,3
693,BB_AMT_CREDIT_SUM_MIN,48,7
693,BB_AMT_CREDIT_SUM_MIN,48,8
276,PREV_NEW_LOAN_RATE_MEAN,48,6
276,PREV_NEW_LOAN_RATE_MEAN,48,4
474,PREV_NAME_YIELD_GROUP_middle_MEAN,48,7
278,PREV_NEW_LOAN_RATE_MAX,48,2
757,BB_NEW_CLOSED_DAYS_CREDIT_ENDDATE_MAX,47,7
757,BB_NEW_CLOSED_DAYS_CREDIT_ENDDATE_MAX,47,3
757,BB_NEW_CLOSED_DAYS_CREDIT_ENDDATE_MAX,47,5
558,PREV_POS_CNT_INSTALMENT_FUTURE_MAX_MIN,47,9
682,BB_DAYS_ENDDATE_FACT_MAX,47,8
13,APP_OWN_CAR_AGE,47,10
602,CCB_AMT_DRAWINGS_ATM_CURRENT_MEAN,47,10
555,PREV_POS_CNT_INSTALMENT_FUTURE_MIN_MAX,47,7
735,BB_NEW_ACTIVE_DAYS_CREDIT_ENDDATE_MEAN,47,5
692,BB_AMT_CREDIT_SUM_MAX,46,9
580,PREV_POS_NAME_CONTRACT_STATUS_Active_SUM_SUM,46,9
255,APP_NEW_INCOME_PER_PERSON,46,5
602,CCB_AMT_DRAWINGS_ATM_CURRENT_MEAN,46,2
255,APP_NEW_INCOME_PER_PERSON,46,9
514,PREV_INS_AMT_PAYMENT_SUM_MIN,46,8
356,PREV_NAME_CONTRACT_STATUS_Refused_MEAN,46,9
537,PREV_POS_MONTHS_BALANCE_MIN_MEAN,46,7
524,PREV_INS_NEW_DAYS_PAID_EARLIER_MEAN_SUM,46,8
507,PREV_INS_AMT_PAYMENT_MIN_MAX,46,9
525,PREV_INS_NEW_NUM_PAID_LATER_SUM_MEAN,46,8
276,PREV_NEW_LOAN_RATE_MEAN,46,7
360,PREV_NAME_PAYMENT_TYPE_Cashthroughthebank_MEAN,46,8
255,APP_NEW_INCOME_PER_PERSON,46,3
356,PREV_NAME_CONTRACT_STATUS_Refused_MEAN,45,7
602,CCB_AMT_DRAWINGS_ATM_CURRENT_MEAN,45,1
485,PREV_INS_NUM_INSTALMENT_NUMBER_MAX_MEAN,45,9
505,PREV_INS_AMT_PAYMENT_MIN_MEAN,45,7
0,APP_CODE_GENDER,45,5
370,PREV_CODE_REJECT_REASON_HC_MEAN,45,9
685,BB_AMT_CREDIT_MAX_OVERDUE_MAX,45,7
256,APP_NEW_ANNUITY_INCOME_PERC,45,7
744,BB_NEW_ACTIVE_AMT_CREDIT_SUM_DEBT_MEAN,45,3
705,BB_AMT_ANNUITY_SUM,45,9
753,BB_NEW_CLOSED_DAYS_CREDIT_MAX,45,7
12,APP_DAYS_ID_PUBLISH,45,4
356,PREV_NAME_CONTRACT_STATUS_Refused_MEAN,44,2
695,BB_AMT_CREDIT_SUM_DEBT_MEAN,44,5
370,PREV_CODE_REJECT_REASON_HC_MEAN,44,8
256,APP_NEW_ANNUITY_INCOME_PERC,44,8
759,BB_NEW_CLOSED_DAYS_CREDIT_UPDATE_MEAN,44,7
739,BB_NEW_ACTIVE_AMT_CREDIT_MAX_OVERDUE_MEAN,44,7
494,PREV_INS_AMT_INSTALMENT_MAX_MIN,44,3
514,PREV_INS_AMT_PAYMENT_SUM_MIN,44,9
705,BB_AMT_ANNUITY_SUM,44,7
255,APP_NEW_INCOME_PER_PERSON,44,8
730,BB_NEW_ACTIVE_DAYS_CREDIT_MAX,44,2
489,PREV_INS_AMT_INSTALMENT_MIN_MEAN,44,8
5,APP_AMT_CREDIT,44,8
505,PREV_INS_AMT_PAYMENT_MIN_MEAN,43,4
736,BB_NEW_ACTIVE_DAYS_CREDIT_UPDATE_MEAN,43,7
757,BB_NEW_CLOSED_DAYS_CREDIT_ENDDATE_MAX,43,6
742,BB_NEW_ACTIVE_AMT_CREDIT_SUM_SUM,43,9
703,BB_DAYS_CREDIT_UPDATE_MAX,43,3
392,PREV_NAME_CLIENT_TYPE_Refreshed_MEAN,43,7
356,PREV_NAME_CONTRACT_STATUS_Refused_MEAN,43,5
256,APP_NEW_ANNUITY_INCOME_PERC,42,3
23,APP_HOUR_APPR_PROCESS_START,42,1
734,BB_NEW_ACTIVE_DAYS_CREDIT_ENDDATE_MAX,42,4
691,BB_AMT_CREDIT_SUM_MEAN,42,8
683,BB_DAYS_ENDDATE_FACT_MIN,42,8
681,BB_DAYS_CREDIT_ENDDATE_MIN,42,8
735,BB_NEW_ACTIVE_DAYS_CREDIT_ENDDATE_MEAN,42,8
386,PREV_NAME_TYPE_SUITE_alone_MEAN,42,7
691,BB_AMT_CREDIT_SUM_MEAN,42,3
39,APP_ENTRANCES_AVG,42,7
764,BB_NEW_CLOSED_AMT_CREDIT_SUM_MEAN,42,7
269,PREV_RATE_DOWN_PAYMENT_MEAN,42,3
370,PREV_CODE_REJECT_REASON_HC_MEAN,42,7
513,PREV_INS_AMT_PAYMENT_SUM_MEAN,42,9
278,PREV_NEW_LOAN_RATE_MAX,42,3
23,APP_HOUR_APPR_PROCESS_START,41,8
277,PREV_NEW_LOAN_RATE_MIN,41,7
253,APP_NEW_DAYS_EMPLOYED_PERC,41,4
709,BB_STATUS_0_MEAN_MEAN,41,8
529,PREV_INS_NEW_PAYMENT_PERC_MEAN,41,9
514,PREV_INS_AMT_PAYMENT_SUM_MIN,41,7
372,PREV_CODE_REJECT_REASON_LIMIT_MEAN,41,5
12,APP_DAYS_ID_PUBLISH,41,10
508,PREV_INS_AMT_PAYMENT_MIN_SUM,41,6
683,BB_DAYS_ENDDATE_FACT_MIN,41,3
558,PREV_POS_CNT_INSTALMENT_FUTURE_MAX_MIN,41,5
555,PREV_POS_CNT_INSTALMENT_FUTURE_MIN_MAX,41,5
743,BB_NEW_ACTIVE_AMT_CREDIT_SUM_DEBT_MAX,41,3
0,APP_CODE_GENDER,41,7
754,BB_NEW_CLOSED_DAYS_CREDIT_MEAN,41,9
703,BB_DAYS_CREDIT_UPDATE_MAX,41,8
695,BB_AMT_CREDIT_SUM_DEBT_MEAN,40,3
764,BB_NEW_CLOSED_AMT_CREDIT_SUM_MEAN,40,5
7,APP_AMT_GOODS_PRICE,40,2
555,PREV_POS_CNT_INSTALMENT_FUTURE_MIN_MAX,40,8
742,BB_NEW_ACTIVE_AMT_CREDIT_SUM_SUM,40,7
505,PREV_INS_AMT_PAYMENT_MIN_MEAN,40,6
758,BB_NEW_CLOSED_DAYS_CREDIT_ENDDATE_MEAN,40,9
257,APP_NEW_PAYMENT_RATE,40,4
739,BB_NEW_ACTIVE_AMT_CREDIT_MAX_OVERDUE_MEAN,40,5
370,PREV_CODE_REJECT_REASON_HC_MEAN,40,5
262,PREV_AMT_APPLICATION_MAX,40,3
734,BB_NEW_ACTIVE_DAYS_CREDIT_ENDDATE_MAX,40,10
506,PREV_INS_AMT_PAYMENT_MIN_MIN,39,5
549,PREV_POS_CNT_INSTALMENT_MAX_MEAN,39,9
676,BB_DAYS_CREDIT_MAX,39,1
691,BB_AMT_CREDIT_SUM_MEAN,39,7
8,APP_REGION_POPULATION_RELATIVE,39,7
734,BB_NEW_ACTIVE_DAYS_CREDIT_ENDDATE_MAX,39,2
758,BB_NEW_CLOSED_DAYS_CREDIT_ENDDATE_MEAN,39,5
675,BB_DAYS_CREDIT_MIN,39,7
122,APP_NAME_INCOME_TYPE_Stateservant,39,9
683,BB_DAYS_ENDDATE_FACT_MIN,39,7
699,BB_AMT_CREDIT_SUM_LIMIT_MAX,39,8
131,APP_NAME_EDUCATION_TYPE_Secondarysecondaryspecial,39,9
759,BB_NEW_CLOSED_DAYS_CREDIT_UPDATE_MEAN,38,3
753,BB_NEW_CLOSED_DAYS_CREDIT_MAX,38,8
675,BB_DAYS_CREDIT_MIN,38,1
122,APP_NAME_INCOME_TYPE_Stateservant,38,8
692,BB_AMT_CREDIT_SUM_MAX,38,8
276,PREV_NEW_LOAN_RATE_MEAN,38,2
523,PREV_INS_NEW_DAYS_PAID_EARLIER_MEAN_MAX,38,4
524,PREV_INS_NEW_DAYS_PAID_EARLIER_MEAN_SUM,38,1
356,PREV_NAME_CONTRACT_STATUS_Refused_MEAN,38,3
529,PREV_INS_NEW_PAYMENT_PERC_MEAN,38,5
753,BB_NEW_CLOSED_DAYS_CREDIT_MAX,38,3
524,PREV_INS_NEW_DAYS_PAID_EARLIER_MEAN_SUM,38,6
735,BB_NEW_ACTIVE_DAYS_CREDIT_ENDDATE_MEAN,38,3
558,PREV_POS_CNT_INSTALMENT_FUTURE_MAX_MIN,38,8
691,BB_AMT_CREDIT_SUM_MEAN,38,5
262,PREV_AMT_APPLICATION_MAX,38,5
508,PREV_INS_AMT_PAYMENT_MIN_SUM,38,8
724,BB_NEW_MONTHS_CREDIT_MEAN,38,6
602,CCB_AMT_DRAWINGS_ATM_CURRENT_MEAN,38,4
676,BB_DAYS_CREDIT_MAX,38,10
39,APP_ENTRANCES_AVG,38,9
122,APP_NAME_INCOME_TYPE_Stateservant,38,5
742,BB_NEW_ACTIVE_AMT_CREDIT_SUM_SUM,37,6
505,PREV_INS_AMT_PAYMENT_MIN_MEAN,37,2
494,PREV_INS_AMT_INSTALMENT_MAX_MIN,37,9
356,PREV_NAME_CONTRACT_STATUS_Refused_MEAN,37,4
392,PREV_NAME_CLIENT_TYPE_Refreshed_MEAN,37,5
740,BB_NEW_ACTIVE_AMT_CREDIT_SUM_MAX,37,8
685,BB_AMT_CREDIT_MAX_OVERDUE_MAX,37,5
742,BB_NEW_ACTIVE_AMT_CREDIT_SUM_SUM,37,4
551,PREV_POS_CNT_INSTALMENT_MAX_MAX,37,3
278,PREV_NEW_LOAN_RATE_MAX,37,10
752,BB_NEW_CLOSED_DAYS_CREDIT_MIN,37,7
356,PREV_NAME_CONTRACT_STATUS_Refused_MEAN,37,6
537,PREV_POS_MONTHS_BALANCE_MIN_MEAN,37,1
692,BB_AMT_CREDIT_SUM_MAX,36,3
685,BB_AMT_CREDIT_MAX_OVERDUE_MAX,36,3
523,PREV_INS_NEW_DAYS_PAID_EARLIER_MEAN_MAX,36,8
7,APP_AMT_GOODS_PRICE,36,1
681,BB_DAYS_CREDIT_ENDDATE_MIN,36,5
280,PREV_NEW_INSURANCE_MEAN,36,9
508,PREV_INS_AMT_PAYMENT_MIN_SUM,36,10
695,BB_AMT_CREDIT_SUM_DEBT_MEAN,36,9
280,PREV_NEW_INSURANCE_MEAN,36,5
742,BB_NEW_ACTIVE_AMT_CREDIT_SUM_SUM,36,5
122,APP_NAME_INCOME_TYPE_Stateservant,36,3
735,BB_NEW_ACTIVE_DAYS_CREDIT_ENDDATE_MEAN,36,1
757,BB_NEW_CLOSED_DAYS_CREDIT_ENDDATE_MAX,36,8
744,BB_NEW_ACTIVE_AMT_CREDIT_SUM_DEBT_MEAN,36,9
529,PREV_INS_NEW_PAYMENT_PERC_MEAN,36,2
734,BB_NEW_ACTIVE_DAYS_CREDIT_ENDDATE_MAX,36,1
8,APP_REGION_POPULATION_RELATIVE,36,8
580,PREV_POS_NAME_CONTRACT_STATUS_Active_SUM_SUM,35,7
490,PREV_INS_AMT_INSTALMENT_MIN_MIN,35,3
705,BB_AMT_ANNUITY_SUM,35,3
524,PREV_INS_NEW_DAYS_PAID_EARLIER_MEAN_SUM,35,10
541,PREV_POS_MONTHS_BALANCE_MAX_MEAN,35,3
754,BB_NEW_CLOSED_DAYS_CREDIT_MEAN,35,8
255,APP_NEW_INCOME_PER_PERSON,35,7
269,PREV_RATE_DOWN_PAYMENT_MEAN,35,5
681,BB_DAYS_CREDIT_ENDDATE_MIN,35,2
555,PREV_POS_CNT_INSTALMENT_FUTURE_MIN_MAX,35,3
11,APP_DAYS_REGISTRATION,35,1
277,PREV_NEW_LOAN_RATE_MIN,35,9
513,PREV_INS_AMT_PAYMENT_SUM_MEAN,35,5
7,APP_AMT_GOODS_PRICE,35,10
5,APP_AMT_CREDIT,35,6
269,PREV_RATE_DOWN_PAYMENT_MEAN,35,8
692,BB_AMT_CREDIT_SUM_MAX,35,6
759,BB_NEW_CLOSED_DAYS_CREDIT_UPDATE_MEAN,35,5
360,PREV_NAME_PAYMENT_TYPE_Cashthroughthebank_MEAN,35,3
580,PREV_POS_NAME_CONTRACT_STATUS_Active_SUM_SUM,35,6
549,PREV_POS_CNT_INSTALMENT_MAX_MEAN,35,6
372,PREV_CODE_REJECT_REASON_LIMIT_MEAN,35,3
11,APP_DAYS_REGISTRATION,35,6
739,BB_NEW_ACTIVE_AMT_CREDIT_MAX_OVERDUE_MEAN,35,3
268,PREV_RATE_DOWN_PAYMENT_SUM,35,7
392,PREV_NAME_CLIENT_TYPE_Refreshed_MEAN,35,9
490,PREV_INS_AMT_INSTALMENT_MIN_MIN,34,6
256,APP_NEW_ANNUITY_INCOME_PERC,34,6
681,BB_DAYS_CREDIT_ENDDATE_MIN,34,6
0,APP_CODE_GENDER,34,1
703,BB_DAYS_CREDIT_UPDATE_MAX,34,5
704,BB_DAYS_CREDIT_UPDATE_MIN,34,7
490,PREV_INS_AMT_INSTALMENT_MIN_MIN,34,8
740,BB_NEW_ACTIVE_AMT_CREDIT_SUM_MAX,34,3
392,PREV_NAME_CLIENT_TYPE_Refreshed_MEAN,34,8
386,PREV_NAME_TYPE_SUITE_alone_MEAN,34,8
524,PREV_INS_NEW_DAYS_PAID_EARLIER_MEAN_SUM,34,2
11,APP_DAYS_REGISTRATION,34,2
5,APP_AMT_CREDIT,34,2
524,PREV_INS_NEW_DAYS_PAID_EARLIER_MEAN_SUM,34,4
529,PREV_INS_NEW_PAYMENT_PERC_MEAN,34,1
537,PREV_POS_MONTHS_BALANCE_MIN_MEAN,34,3
703,BB_DAYS_CREDIT_UPDATE_MAX,34,7
523,PREV_INS_NEW_DAYS_PAID_EARLIER_MEAN_MAX,34,1
11,APP_DAYS_REGISTRATION,34,10
256,APP_NEW_ANNUITY_INCOME_PERC,34,5
268,PREV_RATE_DOWN_PAYMENT_SUM,34,5
505,PREV_INS_AMT_PAYMENT_MIN_MEAN,34,10
521,PREV_INS_NEW_DAYS_PAID_EARLIER_MEAN_MEAN,34,10
507,PREV_INS_AMT_PAYMENT_MIN_MAX,33,8
513,PREV_INS_AMT_PAYMENT_SUM_MEAN,33,1
39,APP_ENTRANCES_AVG,33,10
743,BB_NEW_ACTIVE_AMT_CREDIT_SUM_DEBT_MAX,33,8
680,BB_DAYS_CREDIT_ENDDATE_MAX,33,8
537,PREV_POS_MONTHS_BALANCE_MIN_MEAN,33,8
0,APP_CODE_GENDER,33,2
675,BB_DAYS_CREDIT_MIN,33,8
680,BB_DAYS_CREDIT_ENDDATE_MAX,33,3
485,PREV_INS_NUM_INSTALMENT_NUMBER_MAX_MEAN,33,8
131,APP_NAME_EDUCATION_TYPE_Secondarysecondaryspecial,33,8
549,PREV_POS_CNT_INSTALMENT_MAX_MEAN,33,5
489,PREV_INS_AMT_INSTALMENT_MIN_MEAN,33,7
256,APP_NEW_ANNUITY_INCOME_PERC,33,4
5,APP_AMT_CREDIT,33,5
513,PREV_INS_AMT_PAYMENT_SUM_MEAN,33,7
680,BB_DAYS_CREDIT_ENDDATE_MAX,32,7
696,BB_AMT_CREDIT_SUM_DEBT_MAX,32,9
676,BB_DAYS_CREDIT_MAX,32,4
541,PREV_POS_MONTHS_BALANCE_MAX_MEAN,32,6
9,APP_DAYS_BIRTH,32,10
278,PREV_NEW_LOAN_RATE_MAX,32,6
254,APP_NEW_INCOME_CREDIT_PERC,32,5
695,BB_AMT_CREDIT_SUM_DEBT_MEAN,32,10
682,BB_DAYS_ENDDATE_FACT_MAX,32,6
506,PREV_INS_AMT_PAYMENT_MIN_MIN,32,6
529,PREV_INS_NEW_PAYMENT_PERC_MEAN,32,8
759,BB_NEW_CLOSED_DAYS_CREDIT_UPDATE_MEAN,32,8
9,APP_DAYS_BIRTH,32,4
733,BB_NEW_ACTIVE_DAYS_CREDIT_ENDDATE_MIN,32,8
704,BB_DAYS_CREDIT_UPDATE_MIN,32,8
5,APP_AMT_CREDIT,32,3
39,APP_ENTRANCES_AVG,32,3
5,APP_AMT_CREDIT,32,4
277,PREV_NEW_LOAN_RATE_MIN,31,8
752,BB_NEW_CLOSED_DAYS_CREDIT_MIN,31,9
733,BB_NEW_ACTIVE_DAYS_CREDIT_ENDDATE_MIN,31,6
555,PREV_POS_CNT_INSTALMENT_FUTURE_MIN_MAX,31,6
758,BB_NEW_CLOSED_DAYS_CREDIT_ENDDATE_MEAN,31,6
131,APP_NAME_EDUCATION_TYPE_Secondarysecondaryspecial,31,7
740,BB_NEW_ACTIVE_AMT_CREDIT_SUM_MAX,31,7
0,APP_CODE_GENDER,31,6
555,PREV_POS_CNT_INSTALMENT_FUTURE_MIN_MAX,31,1
739,BB_NEW_ACTIVE_AMT_CREDIT_MAX_OVERDUE_MEAN,31,1
617,CCB_AMT_INST_MIN_REGULARITY_SUM,31,5
731,BB_NEW_ACTIVE_DAYS_CREDIT_MEAN,31,3
709,BB_STATUS_0_MEAN_MEAN,31,5
580,PREV_POS_NAME_CONTRACT_STATUS_Active_SUM_SUM,31,3
699,BB_AMT_CREDIT_SUM_LIMIT_MAX,31,3
474,PREV_NAME_YIELD_GROUP_middle_MEAN,31,5
370,PREV_CODE_REJECT_REASON_HC_MEAN,31,6
498,PREV_INS_AMT_INSTALMENT_SUM_MIN,31,3
23,APP_HOUR_APPR_PROCESS_START,31,4
356,PREV_NAME_CONTRACT_STATUS_Refused_MEAN,30,8
5,APP_AMT_CREDIT,30,10
268,PREV_RATE_DOWN_PAYMENT_SUM,30,3
276,PREV_NEW_LOAN_RATE_MEAN,30,10
683,BB_DAYS_ENDDATE_FACT_MIN,30,5
580,PREV_POS_NAME_CONTRACT_STATUS_Active_SUM_SUM,30,2
555,PREV_POS_CNT_INSTALMENT_FUTURE_MIN_MAX,30,4
505,PREV_INS_AMT_PAYMENT_MIN_MEAN,30,1
551,PREV_POS_CNT_INSTALMENT_MAX_MAX,30,8
254,APP_NEW_INCOME_CREDIT_PERC,30,2
370,PREV_CODE_REJECT_REASON_HC_MEAN,30,4
525,PREV_INS_NEW_NUM_PAID_LATER_SUM_MEAN,30,9
508,PREV_INS_AMT_PAYMENT_MIN_SUM,30,5
699,BB_AMT_CREDIT_SUM_LIMIT_MAX,30,1
558,PREV_POS_CNT_INSTALMENT_FUTURE_MAX_MIN,30,6
494,PREV_INS_AMT_INSTALMENT_MAX_MIN,30,5
675,BB_DAYS_CREDIT_MIN,30,6
709,BB_STATUS_0_MEAN_MEAN,30,1
755,BB_NEW_CLOSED_DAYS_CREDIT_VAR,29,5
753,BB_NEW_CLOSED_DAYS_CREDIT_MAX,29,6
23,APP_HOUR_APPR_PROCESS_START,29,10
695,BB_AMT_CREDIT_SUM_DEBT_MEAN,29,1
549,PREV_POS_CNT_INSTALMENT_MAX_MEAN,29,7
739,BB_NEW_ACTIVE_AMT_CREDIT_MAX_OVERDUE_MEAN,29,2
360,PREV_NAME_PAYMENT_TYPE_Cashthroughthebank_MEAN,29,5
753,BB_NEW_CLOSED_DAYS_CREDIT_MAX,29,5
736,BB_NEW_ACTIVE_DAYS_CREDIT_UPDATE_MEAN,29,5
122,APP_NAME_INCOME_TYPE_Stateservant,29,7
372,PREV_CODE_REJECT_REASON_LIMIT_MEAN,29,9
680,BB_DAYS_CREDIT_ENDDATE_MAX,29,5
525,PREV_INS_NEW_NUM_PAID_LATER_SUM_MEAN,29,5
617,CCB_AMT_INST_MIN_REGULARITY_SUM,29,9
693,BB_AMT_CREDIT_SUM_MIN,29,1
372,PREV_CODE_REJECT_REASON_LIMIT_MEAN,29,8
262,PREV_AMT_APPLICATION_MAX,29,6
372,PREV_CODE_REJECT_REASON_LIMIT_MEAN,29,6
360,PREV_NAME_PAYMENT_TYPE_Cashthroughthebank_MEAN,29,6
280,PREV_NEW_INSURANCE_MEAN,29,3
736,BB_NEW_ACTIVE_DAYS_CREDIT_UPDATE_MEAN,29,3
523,PREV_INS_NEW_DAYS_PAID_EARLIER_MEAN_MAX,29,6
549,PREV_POS_CNT_INSTALMENT_MAX_MEAN,29,3
696,BB_AMT_CREDIT_SUM_DEBT_MAX,29,8
489,PREV_INS_AMT_INSTALMENT_MIN_MEAN,29,3
752,BB_NEW_CLOSED_DAYS_CREDIT_MIN,28,4
529,PREV_INS_NEW_PAYMENT_PERC_MEAN,28,6
513,PREV_INS_AMT_PAYMENT_SUM_MEAN,28,8
757,BB_NEW_CLOSED_DAYS_CREDIT_ENDDATE_MAX,28,1
739,BB_NEW_ACTIVE_AMT_CREDIT_MAX_OVERDUE_MEAN,28,6
525,PREV_INS_NEW_NUM_PAID_LATER_SUM_MEAN,28,3
23,APP_HOUR_APPR_PROCESS_START,28,2
736,BB_NEW_ACTIVE_DAYS_CREDIT_UPDATE_MEAN,28,8
370,PREV_CODE_REJECT_REASON_HC_MEAN,28,3
735,BB_NEW_ACTIVE_DAYS_CREDIT_ENDDATE_MEAN,28,2
372,PREV_CODE_REJECT_REASON_LIMIT_MEAN,28,1
693,BB_AMT_CREDIT_SUM_MIN,28,6
695,BB_AMT_CREDIT_SUM_DEBT_MEAN,28,6
744,BB_NEW_ACTIVE_AMT_CREDIT_SUM_DEBT_MEAN,28,7
705,BB_AMT_ANNUITY_SUM,28,5
525,PREV_INS_NEW_NUM_PAID_LATER_SUM_MEAN,28,6
731,BB_NEW_ACTIVE_DAYS_CREDIT_MEAN,28,5
277,PREV_NEW_LOAN_RATE_MIN,28,5
521,PREV_INS_NEW_DAYS_PAID_EARLIER_MEAN_MEAN,28,4
0,APP_CODE_GENDER,28,4
699,BB_AMT_CREDIT_SUM_LIMIT_MAX,28,9
696,BB_AMT_CREDIT_SUM_DEBT_MAX,28,1
692,BB_AMT_CREDIT_SUM_MAX,28,2
695,BB_AMT_CREDIT_SUM_DEBT_MEAN,28,2
122,APP_NAME_INCOME_TYPE_Stateservant,28,6
498,PREV_INS_AMT_INSTALMENT_SUM_MIN,27,6
580,PREV_POS_NAME_CONTRACT_STATUS_Active_SUM_SUM,27,8
498,PREV_INS_AMT_INSTALMENT_SUM_MIN,27,5
731,BB_NEW_ACTIVE_DAYS_CREDIT_MEAN,27,1
735,BB_NEW_ACTIVE_DAYS_CREDIT_ENDDATE_MEAN,27,4
742,BB_NEW_ACTIVE_AMT_CREDIT_SUM_SUM,27,10
254,APP_NEW_INCOME_CREDIT_PERC,27,6
523,PREV_INS_NEW_DAYS_PAID_EARLIER_MEAN_MAX,27,2
758,BB_NEW_CLOSED_DAYS_CREDIT_ENDDATE_MEAN,27,1
386,PREV_NAME_TYPE_SUITE_alone_MEAN,27,3
0,APP_CODE_GENDER,27,10
474,PREV_NAME_YIELD_GROUP_middle_MEAN,27,8
685,BB_AMT_CREDIT_MAX_OVERDUE_MAX,27,8
508,PREV_INS_AMT_PAYMENT_MIN_SUM,27,2
11,APP_DAYS_REGISTRATION,27,4
692,BB_AMT_CREDIT_SUM_MAX,26,4
39,APP_ENTRANCES_AVG,26,8
744,BB_NEW_ACTIVE_AMT_CREDIT_SUM_DEBT_MEAN,26,8
508,PREV_INS_AMT_PAYMENT_MIN_SUM,26,4
764,BB_NEW_CLOSED_AMT_CREDIT_SUM_MEAN,26,3
724,BB_NEW_MONTHS_CREDIT_MEAN,26,4
695,BB_AMT_CREDIT_SUM_DEBT_MEAN,26,7
525,PREV_INS_NEW_NUM_PAID_LATER_SUM_MEAN,26,4
490,PREV_INS_AMT_INSTALMENT_MIN_MIN,26,2
392,PREV_NAME_CLIENT_TYPE_Refreshed_MEAN,26,3
277,PREV_NEW_LOAN_RATE_MIN,26,3
757,BB_NEW_CLOSED_DAYS_CREDIT_ENDDATE_MAX,26,2
753,BB_NEW_CLOSED_DAYS_CREDIT_MAX,26,4
522,PREV_INS_NEW_DAYS_PAID_EARLIER_MEAN_MIN,26,1
356,PREV_NAME_CONTRACT_STATUS_Refused_MEAN,26,10
494,PREV_INS_AMT_INSTALMENT_MAX_MIN,26,7
754,BB_NEW_CLOSED_DAYS_CREDIT_MEAN,26,6
8,APP_REGION_POPULATION_RELATIVE,26,6
680,BB_DAYS_CREDIT_ENDDATE_MAX,26,1
696,BB_AMT_CREDIT_SUM_DEBT_MAX,26,5
508,PREV_INS_AMT_PAYMENT_MIN_SUM,26,1
735,BB_NEW_ACTIVE_DAYS_CREDIT_ENDDATE_MEAN,26,6
5,APP_AMT_CREDIT,25,1
549,PREV_POS_CNT_INSTALMENT_MAX_MEAN,25,2
675,BB_DAYS_CREDIT_MIN,25,5
280,PREV_NEW_INSURANCE_MEAN,25,7
692,BB_AMT_CREDIT_SUM_MAX,25,5
494,PREV_INS_AMT_INSTALMENT_MAX_MIN,25,2
744,BB_NEW_ACTIVE_AMT_CREDIT_SUM_DEBT_MEAN,25,6
551,PREV_POS_CNT_INSTALMENT_MAX_MAX,25,5
705,BB_AMT_ANNUITY_SUM,25,8
699,BB_AMT_CREDIT_SUM_LIMIT_MAX,25,7
695,BB_AMT_CREDIT_SUM_DEBT_MEAN,25,8
131,APP_NAME_EDUCATION_TYPE_Secondarysecondaryspecial,25,5
735,BB_NEW_ACTIVE_DAYS_CREDIT_ENDDATE_MEAN,25,10
370,PREV_CODE_REJECT_REASON_HC_MEAN,25,1
485,PREV_INS_NUM_INSTALMENT_NUMBER_MAX_MEAN,25,6
254,APP_NEW_INCOME_CREDIT_PERC,25,10
256,APP_NEW_ANNUITY_INCOME_PERC,25,1
704,BB_DAYS_CREDIT_UPDATE_MIN,25,9
685,BB_AMT_CREDIT_MAX_OVERDUE_MAX,25,6
709,BB_STATUS_0_MEAN_MEAN,25,4
131,APP_NAME_EDUCATION_TYPE_Secondarysecondaryspecial,25,4
683,BB_DAYS_ENDDATE_FACT_MIN,25,6
680,BB_DAYS_CREDIT_ENDDATE_MAX,25,6
617,CCB_AMT_INST_MIN_REGULARITY_SUM,25,6
675,BB_DAYS_CREDIT_MIN,25,3
617,CCB_AMT_INST_MIN_REGULARITY_SUM,25,3
541,PREV_POS_MONTHS_BALANCE_MAX_MEAN,24,2
743,BB_NEW_ACTIVE_AMT_CREDIT_SUM_DEBT_MAX,24,5
742,BB_NEW_ACTIVE_AMT_CREDIT_SUM_SUM,24,2
731,BB_NEW_ACTIVE_DAYS_CREDIT_MEAN,24,8
268,PREV_RATE_DOWN_PAYMENT_SUM,24,8
752,BB_NEW_CLOSED_DAYS_CREDIT_MIN,24,5
39,APP_ENTRANCES_AVG,24,6
695,BB_AMT_CREDIT_SUM_DEBT_MEAN,24,4
685,BB_AMT_CREDIT_MAX_OVERDUE_MAX,24,1
580,PREV_POS_NAME_CONTRACT_STATUS_Active_SUM_SUM,24,5
507,PREV_INS_AMT_PAYMENT_MIN_MAX,24,7
675,BB_DAYS_CREDIT_MIN,24,4
759,BB_NEW_CLOSED_DAYS_CREDIT_UPDATE_MEAN,24,1
758,BB_NEW_CLOSED_DAYS_CREDIT_ENDDATE_MEAN,24,4
551,PREV_POS_CNT_INSTALMENT_MAX_MAX,24,7
731,BB_NEW_ACTIVE_DAYS_CREDIT_MEAN,24,7
551,PREV_POS_CNT_INSTALMENT_MAX_MAX,24,9
529,PREV_INS_NEW_PAYMENT_PERC_MEAN,24,4
754,BB_NEW_CLOSED_DAYS_CREDIT_MEAN,23,3
555,PREV_POS_CNT_INSTALMENT_FUTURE_MIN_MAX,23,10
541,PREV_POS_MONTHS_BALANCE_MAX_MEAN,23,1
514,PREV_INS_AMT_PAYMENT_SUM_MIN,23,5
705,BB_AMT_ANNUITY_SUM,23,1
753,BB_NEW_CLOSED_DAYS_CREDIT_MAX,23,1
8,APP_REGION_POPULATION_RELATIVE,23,4
764,BB_NEW_CLOSED_AMT_CREDIT_SUM_MEAN,23,2
360,PREV_NAME_PAYMENT_TYPE_Cashthroughthebank_MEAN,23,4
489,PREV_INS_AMT_INSTALMENT_MIN_MEAN,23,5
255,APP_NEW_INCOME_PER_PERSON,23,2
757,BB_NEW_CLOSED_DAYS_CREDIT_ENDDATE_MAX,23,10
755,BB_NEW_CLOSED_DAYS_CREDIT_VAR,23,8
704,BB_DAYS_CREDIT_UPDATE_MIN,23,2
739,BB_NEW_ACTIVE_AMT_CREDIT_MAX_OVERDUE_MEAN,23,10
506,PREV_INS_AMT_PAYMENT_MIN_MIN,23,1
558,PREV_POS_CNT_INSTALMENT_FUTURE_MAX_MIN,23,3
691,BB_AMT_CREDIT_SUM_MEAN,23,2
525,PREV_INS_NEW_NUM_PAID_LATER_SUM_MEAN,22,10
514,PREV_INS_AMT_PAYMENT_SUM_MIN,22,3
498,PREV_INS_AMT_INSTALMENT_SUM_MIN,22,10
696,BB_AMT_CREDIT_SUM_DEBT_MAX,22,10
580,PREV_POS_NAME_CONTRACT_STATUS_Active_SUM_SUM,22,1
392,PREV_NAME_CLIENT_TYPE_Refreshed_MEAN,22,6
681,BB_DAYS_CREDIT_ENDDATE_MIN,22,1
691,BB_AMT_CREDIT_SUM_MEAN,22,6
268,PREV_RATE_DOWN_PAYMENT_SUM,22,9
736,BB_NEW_ACTIVE_DAYS_CREDIT_UPDATE_MEAN,22,6
682,BB_DAYS_ENDDATE_FACT_MAX,22,4
754,BB_NEW_CLOSED_DAYS_CREDIT_MEAN,22,5
692,BB_AMT_CREDIT_SUM_MAX,22,1
131,APP_NAME_EDUCATION_TYPE_Secondarysecondaryspecial,22,6
474,PREV_NAME_YIELD_GROUP_middle_MEAN,22,1
740,BB_NEW_ACTIVE_AMT_CREDIT_SUM_MAX,22,6
370,PREV_CODE_REJECT_REASON_HC_MEAN,22,10
8,APP_REGION_POPULATION_RELATIVE,22,2
474,PREV_NAME_YIELD_GROUP_middle_MEAN,22,3
691,BB_AMT_CREDIT_SUM_MEAN,22,4
372,PREV_CODE_REJECT_REASON_LIMIT_MEAN,22,7
262,PREV_AMT_APPLICATION_MAX,22,8
733,BB_NEW_ACTIVE_DAYS_CREDIT_ENDDATE_MIN,22,5
131,APP_NAME_EDUCATION_TYPE_Secondarysecondaryspecial,22,3
122,APP_NAME_INCOME_TYPE_Stateservant,21,1
754,BB_NEW_CLOSED_DAYS_CREDIT_MEAN,21,2
693,BB_AMT_CREDIT_SUM_MIN,21,10
8,APP_REGION_POPULATION_RELATIVE,21,1
682,BB_DAYS_ENDDATE_FACT_MAX,21,2
691,BB_AMT_CREDIT_SUM_MEAN,21,1
277,PREV_NEW_LOAN_RATE_MIN,21,2
506,PREV_INS_AMT_PAYMENT_MIN_MIN,21,2
740,BB_NEW_ACTIVE_AMT_CREDIT_SUM_MAX,21,10
268,PREV_RATE_DOWN_PAYMENT_SUM,21,1
507,PREV_INS_AMT_PAYMENT_MIN_MAX,21,6
507,PREV_INS_AMT_PAYMENT_MIN_MAX,21,3
277,PREV_NEW_LOAN_RATE_MIN,21,4
498,PREV_INS_AMT_INSTALMENT_SUM_MIN,21,8
696,BB_AMT_CREDIT_SUM_DEBT_MAX,21,7
757,BB_NEW_CLOSED_DAYS_CREDIT_ENDDATE_MAX,21,4
580,PREV_POS_NAME_CONTRACT_STATUS_Active_SUM_SUM,21,4
699,BB_AMT_CREDIT_SUM_LIMIT_MAX,20,6
498,PREV_INS_AMT_INSTALMENT_SUM_MIN,20,1
680,BB_DAYS_CREDIT_ENDDATE_MAX,20,10
675,BB_DAYS_CREDIT_MIN,20,10
525,PREV_INS_NEW_NUM_PAID_LATER_SUM_MEAN,20,2
580,PREV_POS_NAME_CONTRACT_STATUS_Active_SUM_SUM,20,10
537,PREV_POS_MONTHS_BALANCE_MIN_MEAN,20,4
731,BB_NEW_ACTIVE_DAYS_CREDIT_MEAN,20,2
523,PREV_INS_NEW_DAYS_PAID_EARLIER_MEAN_MAX,20,10
474,PREV_NAME_YIELD_GROUP_middle_MEAN,20,6
696,BB_AMT_CREDIT_SUM_DEBT_MAX,20,6
744,BB_NEW_ACTIVE_AMT_CREDIT_SUM_DEBT_MEAN,20,5
514,PREV_INS_AMT_PAYMENT_SUM_MIN,20,1
277,PREV_NEW_LOAN_RATE_MIN,20,1
269,PREV_RATE_DOWN_PAYMENT_MEAN,20,6
754,BB_NEW_CLOSED_DAYS_CREDIT_MEAN,20,4
485,PREV_INS_NUM_INSTALMENT_NUMBER_MAX_MEAN,20,10
739,BB_NEW_ACTIVE_AMT_CREDIT_MAX_OVERDUE_MEAN,20,4
693,BB_AMT_CREDIT_SUM_MIN,20,4
490,PREV_INS_AMT_INSTALMENT_MIN_MIN,20,10
742,BB_NEW_ACTIVE_AMT_CREDIT_SUM_SUM,20,1
693,BB_AMT_CREDIT_SUM_MIN,19,2
485,PREV_INS_NUM_INSTALMENT_NUMBER_MAX_MEAN,19,3
506,PREV_INS_AMT_PAYMENT_MIN_MIN,19,4
268,PREV_RATE_DOWN_PAYMENT_SUM,19,10
514,PREV_INS_AMT_PAYMENT_SUM_MIN,19,4
392,PREV_NAME_CLIENT_TYPE_Refreshed_MEAN,19,1
558,PREV_POS_CNT_INSTALMENT_FUTURE_MAX_MIN,19,4
485,PREV_INS_NUM_INSTALMENT_NUMBER_MAX_MEAN,19,5
549,PREV_POS_CNT_INSTALMENT_MAX_MEAN,19,8
681,BB_DAYS_CREDIT_ENDDATE_MIN,19,4
699,BB_AMT_CREDIT_SUM_LIMIT_MAX,19,4
489,PREV_INS_AMT_INSTALMENT_MIN_MEAN,19,1
268,PREV_RATE_DOWN_PAYMENT_SUM,19,6
254,APP_NEW_INCOME_CREDIT_PERC,19,4
731,BB_NEW_ACTIVE_DAYS_CREDIT_MEAN,19,10
514,PREV_INS_AMT_PAYMENT_SUM_MIN,19,6
513,PREV_INS_AMT_PAYMENT_SUM_MEAN,19,6
551,PREV_POS_CNT_INSTALMENT_MAX_MAX,19,10
764,BB_NEW_CLOSED_AMT_CREDIT_SUM_MEAN,18,6
754,BB_NEW_CLOSED_DAYS_CREDIT_MEAN,18,10
758,BB_NEW_CLOSED_DAYS_CREDIT_ENDDATE_MEAN,18,7
740,BB_NEW_ACTIVE_AMT_CREDIT_SUM_MAX,18,4
507,PREV_INS_AMT_PAYMENT_MIN_MAX,18,5
255,APP_NEW_INCOME_PER_PERSON,18,6
39,APP_ENTRANCES_AVG,18,4
268,PREV_RATE_DOWN_PAYMENT_SUM,18,4
759,BB_NEW_CLOSED_DAYS_CREDIT_UPDATE_MEAN,18,6
752,BB_NEW_CLOSED_DAYS_CREDIT_MIN,18,6
703,BB_DAYS_CREDIT_UPDATE_MAX,18,10
704,BB_DAYS_CREDIT_UPDATE_MIN,18,6
736,BB_NEW_ACTIVE_DAYS_CREDIT_UPDATE_MEAN,18,10
551,PREV_POS_CNT_INSTALMENT_MAX_MAX,18,4
558,PREV_POS_CNT_INSTALMENT_FUTURE_MAX_MIN,18,1
617,CCB_AMT_INST_MIN_REGULARITY_SUM,18,1
704,BB_DAYS_CREDIT_UPDATE_MIN,18,4
755,BB_NEW_CLOSED_DAYS_CREDIT_VAR,18,1
724,BB_NEW_MONTHS_CREDIT_MEAN,18,2
269,PREV_RATE_DOWN_PAYMENT_MEAN,18,4
507,PREV_INS_AMT_PAYMENT_MIN_MAX,18,10
704,BB_DAYS_CREDIT_UPDATE_MIN,18,3
489,PREV_INS_AMT_INSTALMENT_MIN_MEAN,18,4
277,PREV_NEW_LOAN_RATE_MIN,18,6
736,BB_NEW_ACTIVE_DAYS_CREDIT_UPDATE_MEAN,18,1
681,BB_DAYS_CREDIT_ENDDATE_MIN,18,10
256,APP_NEW_ANNUITY_INCOME_PERC,18,10
752,BB_NEW_CLOSED_DAYS_CREDIT_MIN,18,1
372,PREV_CODE_REJECT_REASON_LIMIT_MEAN,18,10
529,PREV_INS_NEW_PAYMENT_PERC_MEAN,18,3
685,BB_AMT_CREDIT_MAX_OVERDUE_MAX,17,4
731,BB_NEW_ACTIVE_DAYS_CREDIT_MEAN,17,4
696,BB_AMT_CREDIT_SUM_DEBT_MAX,17,4
758,BB_NEW_CLOSED_DAYS_CREDIT_ENDDATE_MEAN,17,10
280,PREV_NEW_INSURANCE_MEAN,17,8
752,BB_NEW_CLOSED_DAYS_CREDIT_MIN,17,3
255,APP_NEW_INCOME_PER_PERSON,17,1
262,PREV_AMT_APPLICATION_MAX,17,7
704,BB_DAYS_CREDIT_UPDATE_MIN,17,10
709,BB_STATUS_0_MEAN_MEAN,17,2
490,PREV_INS_AMT_INSTALMENT_MIN_MIN,17,4
752,BB_NEW_CLOSED_DAYS_CREDIT_MIN,17,8
685,BB_AMT_CREDIT_MAX_OVERDUE_MAX,17,10
558,PREV_POS_CNT_INSTALMENT_FUTURE_MAX_MIN,17,2
255,APP_NEW_INCOME_PER_PERSON,17,10
731,BB_NEW_ACTIVE_DAYS_CREDIT_MEAN,17,6
122,APP_NAME_INCOME_TYPE_Stateservant,17,10
360,PREV_NAME_PAYMENT_TYPE_Cashthroughthebank_MEAN,17,1
743,BB_NEW_ACTIVE_AMT_CREDIT_SUM_DEBT_MAX,17,6
386,PREV_NAME_TYPE_SUITE_alone_MEAN,17,1
551,PREV_POS_CNT_INSTALMENT_MAX_MAX,17,6
255,APP_NEW_INCOME_PER_PERSON,17,4
490,PREV_INS_AMT_INSTALMENT_MIN_MIN,17,1
525,PREV_INS_NEW_NUM_PAID_LATER_SUM_MEAN,16,1
682,BB_DAYS_ENDDATE_FACT_MAX,16,1
269,PREV_RATE_DOWN_PAYMENT_MEAN,16,10
743,BB_NEW_ACTIVE_AMT_CREDIT_SUM_DEBT_MAX,16,10
280,PREV_NEW_INSURANCE_MEAN,16,10
8,APP_REGION_POPULATION_RELATIVE,16,10
474,PREV_NAME_YIELD_GROUP_middle_MEAN,16,10
494,PREV_INS_AMT_INSTALMENT_MAX_MIN,16,6
743,BB_NEW_ACTIVE_AMT_CREDIT_SUM_DEBT_MAX,16,4
743,BB_NEW_ACTIVE_AMT_CREDIT_SUM_DEBT_MAX,16,1
758,BB_NEW_CLOSED_DAYS_CREDIT_ENDDATE_MEAN,16,8
549,PREV_POS_CNT_INSTALMENT_MAX_MEAN,16,4
514,PREV_INS_AMT_PAYMENT_SUM_MIN,16,2
753,BB_NEW_CLOSED_DAYS_CREDIT_MAX,16,2
733,BB_NEW_ACTIVE_DAYS_CREDIT_ENDDATE_MIN,16,2
699,BB_AMT_CREDIT_SUM_LIMIT_MAX,16,2
485,PREV_INS_NUM_INSTALMENT_NUMBER_MAX_MEAN,15,2
507,PREV_INS_AMT_PAYMENT_MIN_MAX,15,4
551,PREV_POS_CNT_INSTALMENT_MAX_MAX,15,2
617,CCB_AMT_INST_MIN_REGULARITY_SUM,15,4
269,PREV_RATE_DOWN_PAYMENT_MEAN,15,1
506,PREV_INS_AMT_PAYMENT_MIN_MIN,15,10
122,APP_NAME_INCOME_TYPE_Stateservant,15,2
507,PREV_INS_AMT_PAYMENT_MIN_MAX,15,1
704,BB_DAYS_CREDIT_UPDATE_MIN,15,5
529,PREV_INS_NEW_PAYMENT_PERC_MEAN,15,10
744,BB_NEW_ACTIVE_AMT_CREDIT_SUM_DEBT_MEAN,15,2
764,BB_NEW_CLOSED_AMT_CREDIT_SUM_MEAN,15,1
703,BB_DAYS_CREDIT_UPDATE_MAX,15,4
537,PREV_POS_MONTHS_BALANCE_MIN_MEAN,15,6
494,PREV_INS_AMT_INSTALMENT_MAX_MIN,14,1
755,BB_NEW_CLOSED_DAYS_CREDIT_VAR,14,3
485,PREV_INS_NUM_INSTALMENT_NUMBER_MAX_MEAN,14,1
131,APP_NAME_EDUCATION_TYPE_Secondarysecondaryspecial,14,10
699,BB_AMT_CREDIT_SUM_LIMIT_MAX,14,10
541,PREV_POS_MONTHS_BALANCE_MAX_MEAN,14,10
372,PREV_CODE_REJECT_REASON_LIMIT_MEAN,14,4
555,PREV_POS_CNT_INSTALMENT_FUTURE_MIN_MAX,14,2
494,PREV_INS_AMT_INSTALMENT_MAX_MIN,14,10
131,APP_NAME_EDUCATION_TYPE_Secondarysecondaryspecial,14,1
549,PREV_POS_CNT_INSTALMENT_MAX_MEAN,14,10
703,BB_DAYS_CREDIT_UPDATE_MAX,14,6
709,BB_STATUS_0_MEAN_MEAN,14,6
699,BB_AMT_CREDIT_SUM_LIMIT_MAX,14,5
680,BB_DAYS_CREDIT_ENDDATE_MAX,14,4
764,BB_NEW_CLOSED_AMT_CREDIT_SUM_MEAN,14,4
386,PREV_NAME_TYPE_SUITE_alone_MEAN,14,5
703,BB_DAYS_CREDIT_UPDATE_MAX,14,1
754,BB_NEW_CLOSED_DAYS_CREDIT_MEAN,13,7
513,PREV_INS_AMT_PAYMENT_SUM_MEAN,13,10
514,PREV_INS_AMT_PAYMENT_SUM_MIN,13,10
537,PREV_POS_MONTHS_BALANCE_MIN_MEAN,13,10
277,PREV_NEW_LOAN_RATE_MIN,13,10
254,APP_NEW_INCOME_CREDIT_PERC,13,1
704,BB_DAYS_CREDIT_UPDATE_MIN,13,1
709,BB_STATUS_0_MEAN_MEAN,13,10
551,PREV_POS_CNT_INSTALMENT_MAX_MAX,13,1
513,PREV_INS_AMT_PAYMENT_SUM_MEAN,13,2
280,PREV_NEW_INSURANCE_MEAN,13,2
370,PREV_CODE_REJECT_REASON_HC_MEAN,13,2
752,BB_NEW_CLOSED_DAYS_CREDIT_MIN,13,2
549,PREV_POS_CNT_INSTALMENT_MAX_MEAN,13,1
122,APP_NAME_INCOME_TYPE_Stateservant,13,4
474,PREV_NAME_YIELD_GROUP_middle_MEAN,13,2
39,APP_ENTRANCES_AVG,13,1
269,PREV_RATE_DOWN_PAYMENT_MEAN,13,2
724,BB_NEW_MONTHS_CREDIT_MEAN,12,10
696,BB_AMT_CREDIT_SUM_DEBT_MAX,12,3
705,BB_AMT_ANNUITY_SUM,12,2
759,BB_NEW_CLOSED_DAYS_CREDIT_UPDATE_MEAN,12,2
733,BB_NEW_ACTIVE_DAYS_CREDIT_ENDDATE_MIN,12,1
705,BB_AMT_ANNUITY_SUM,12,4
736,BB_NEW_ACTIVE_DAYS_CREDIT_UPDATE_MEAN,12,2
733,BB_NEW_ACTIVE_DAYS_CREDIT_ENDDATE_MIN,12,10
754,BB_NEW_CLOSED_DAYS_CREDIT_MEAN,12,1
617,CCB_AMT_INST_MIN_REGULARITY_SUM,12,7
685,BB_AMT_CREDIT_MAX_OVERDUE_MAX,12,2
696,BB_AMT_CREDIT_SUM_DEBT_MAX,12,2
39,APP_ENTRANCES_AVG,12,2
740,BB_NEW_ACTIVE_AMT_CREDIT_SUM_MAX,12,1
280,PREV_NEW_INSURANCE_MEAN,12,1
683,BB_DAYS_ENDDATE_FACT_MIN,12,2
541,PREV_POS_MONTHS_BALANCE_MAX_MEAN,12,4
675,BB_DAYS_CREDIT_MIN,12,2
489,PREV_INS_AMT_INSTALMENT_MIN_MEAN,12,2
360,PREV_NAME_PAYMENT_TYPE_Cashthroughthebank_MEAN,12,10
268,PREV_RATE_DOWN_PAYMENT_SUM,12,2
755,BB_NEW_CLOSED_DAYS_CREDIT_VAR,11,6
489,PREV_INS_AMT_INSTALMENT_MIN_MEAN,11,6
485,PREV_INS_NUM_INSTALMENT_NUMBER_MAX_MEAN,11,4
498,PREV_INS_AMT_INSTALMENT_SUM_MIN,11,4
280,PREV_NEW_INSURANCE_MEAN,11,6
131,APP_NAME_EDUCATION_TYPE_Secondarysecondaryspecial,11,2
507,PREV_INS_AMT_PAYMENT_MIN_MAX,11,2
280,PREV_NEW_INSURANCE_MEAN,11,4
733,BB_NEW_ACTIVE_DAYS_CREDIT_ENDDATE_MIN,10,4
764,BB_NEW_CLOSED_AMT_CREDIT_SUM_MEAN,10,10
691,BB_AMT_CREDIT_SUM_MEAN,10,10
360,PREV_NAME_PAYMENT_TYPE_Cashthroughthebank_MEAN,10,2
705,BB_AMT_ANNUITY_SUM,10,6
755,BB_NEW_CLOSED_DAYS_CREDIT_VAR,10,10
758,BB_NEW_CLOSED_DAYS_CREDIT_ENDDATE_MEAN,10,2
753,BB_NEW_CLOSED_DAYS_CREDIT_MAX,10,10
744,BB_NEW_ACTIVE_AMT_CREDIT_SUM_DEBT_MEAN,10,10
755,BB_NEW_CLOSED_DAYS_CREDIT_VAR,9,4
474,PREV_NAME_YIELD_GROUP_middle_MEAN,9,4
386,PREV_NAME_TYPE_SUITE_alone_MEAN,9,4
537,PREV_POS_MONTHS_BALANCE_MIN_MEAN,9,2
736,BB_NEW_ACTIVE_DAYS_CREDIT_UPDATE_MEAN,9,4
256,APP_NEW_ANNUITY_INCOME_PERC,9,2
386,PREV_NAME_TYPE_SUITE_alone_MEAN,9,6
680,BB_DAYS_CREDIT_ENDDATE_MAX,9,2
752,BB_NEW_CLOSED_DAYS_CREDIT_MIN,8,10
513,PREV_INS_AMT_PAYMENT_SUM_MEAN,8,4
372,PREV_CODE_REJECT_REASON_LIMIT_MEAN,8,2
682,BB_DAYS_ENDDATE_FACT_MAX,8,10
683,BB_DAYS_ENDDATE_FACT_MIN,8,10
494,PREV_INS_AMT_INSTALMENT_MAX_MIN,8,4
683,BB_DAYS_ENDDATE_FACT_MIN,8,1
617,CCB_AMT_INST_MIN_REGULARITY_SUM,8,10
703,BB_DAYS_CREDIT_UPDATE_MAX,8,2
558,PREV_POS_CNT_INSTALMENT_FUTURE_MAX_MIN,8,10
740,BB_NEW_ACTIVE_AMT_CREDIT_SUM_MAX,7,2
692,BB_AMT_CREDIT_SUM_MAX,7,10
759,BB_NEW_CLOSED_DAYS_CREDIT_UPDATE_MEAN,7,10
386,PREV_NAME_TYPE_SUITE_alone_MEAN,7,2
759,BB_NEW_CLOSED_DAYS_CREDIT_UPDATE_MEAN,7,4
683,BB_DAYS_ENDDATE_FACT_MIN,7,4
392,PREV_NAME_CLIENT_TYPE_Refreshed_MEAN,7,10
743,BB_NEW_ACTIVE_AMT_CREDIT_SUM_DEBT_MAX,7,2
262,PREV_AMT_APPLICATION_MAX,6,2
744,BB_NEW_ACTIVE_AMT_CREDIT_SUM_DEBT_MEAN,6,1
262,PREV_AMT_APPLICATION_MAX,5,4
498,PREV_INS_AMT_INSTALMENT_SUM_MIN,5,2
262,PREV_AMT_APPLICATION_MAX,5,10
386,PREV_NAME_TYPE_SUITE_alone_MEAN,5,10
262,PREV_AMT_APPLICATION_MAX,4,1
392,PREV_NAME_CLIENT_TYPE_Refreshed_MEAN,4,2
489,PREV_INS_AMT_INSTALMENT_MIN_MEAN,4,10
392,PREV_NAME_CLIENT_TYPE_Refreshed_MEAN,3,4
617,CCB_AMT_INST_MIN_REGULARITY_SUM,3,2
705,BB_AMT_ANNUITY_SUM,3,10
755,BB_NEW_CLOSED_DAYS_CREDIT_VAR,3,2
744,BB_NEW_ACTIVE_AMT_CREDIT_SUM_DEBT_MEAN,1,4
